PlayTime,Score,Coin
21.00835,8,0
21.10835,8,0
21.14303,8,0
