PlayTime,Score,Coin
27.7921,23,0
27.89209,23,0
27.92019,23,0
