PlayTime,Score,Coin
50.41652,8,0
50.51652,8,0
50.54331,8,0
