PlayTime,Score,Coin
12.15783,0,0
12.25783,0,0
12.35783,0,0
