PlayTime,Score,Coin
21.12078,8,0
21.22078,8,0
21.32078,8,0
