PlayTime,Score,Coin
21.86713,10,0
21.96713,10,0
22.06713,10,0
