PlayTime,Score,Coin
7.586302,10,0
7.686302,10,0
7.786302,10,0
