PlayTime,Score,Coin
46.94767,15,0
47.04767,15,0
47.14767,15,0
