PlayTime,Score,Coin
38.77373,0,0
38.87373,0,0
38.89693,0,0
