PlayTime,Score,Coin
7.361066,8,0
7.361066,8,0
7.361066,8,0
