PlayTime,Score,Coin
7.308571,0,0
7.408571,0,0
7.431675,0,0
