PlayTime,Score,Coin
45.41662,3,0
45.51662,3,0
45.61662,3,0
