PlayTime,Score,Coin
43.84036,28,0
43.94036,28,0
43.9677,28,0
