PlayTime,Score,Coin
6.401266,12,0
6.401266,12,0
6.401266,12,0
