PlayTime,Score,Coin
13.84137,53,0
13.84137,53,0
13.84137,53,0
